name,price,user_id,photo_url,stock,description,length,width,height,weight
Relieved Dive Rings,599,1,"http://ecx.images-amazon.com/images/I/41LsD5TcnYL.AA500_PIcountsize-2,TopRight,0,0_AA500_SH20_.jpg",2,Unbreakable rings stand up on the pool bottom for diving games. Set of 4.,10,10,10,4.5
Heavenly Inflatable Water Wheel,3795,1,http://ecx.images-amazon.com/images/I/51K8HOgMx5L.jpg,12,"Kid's Inflatable Water Wheel Swimming Pool Toy (49"" X 33"") - Summer just got funner in the pool with this brand new Kidster Water Wheel. Don't you wish we had these when we were kids. Your kids will love the hamster wheel like movement in this fun and unique inflatable pool toy. Roll along the top of the water with ease in the Kidster Water Wheel. Adult Supervision is always recommended.",10,10,10,4.5
Two Shark Goggles,1196,1,http://ecx.images-amazon.com/images/I/617jzjqn8gL._SX522_.jpg,7,Made using the highest quality materials,10,10,10,4.5
Curved Swimming Fish Pool Toy,1399,1,http://ecx.images-amazon.com/images/I/71R6EdJ3pVL._SL1001_.jpg,13,,10,10,10,4.5
Lavish Water Noodles,1143,1,http://ecx.images-amazon.com/images/I/41nwJCNDadL.jpg,7,Large diameter for extra fun! Made from Safe Soft Funnoodle Foam! Floats over 200 pounds! Funnoodle Monster America's #1 selling pool toy. Let's have fun in the sun. Listing is for 1 Monster Funnoodle - color chosen at random.,10,10,10,4.5
Pumped Water Wings,690,1,http://ecx.images-amazon.com/images/I/41d4FRluYsL.jpg,1,Boys Floatsafe Flotie Soft Fabric Armbands floatie Blue,10,10,10,4.5
Bouncy Dive Rings,599,2,"http://ecx.images-amazon.com/images/I/41LsD5TcnYL.AA500_PIcountsize-2,TopRight,0,0_AA500_SH20_.jpg",6,Unbreakable rings stand up on the pool bottom for diving games. Set of 4.,10,10,10,4.5
Steep Dive Sticks,395,2,http://ecx.images-amazon.com/images/I/71HLzuKqRAL._SX522_.jpg,10,Sticks stand upright on pool bottom.,10,10,10,4.5
Sore Dory Doll,3000,2,http://ecx.images-amazon.com/images/I/51K6wQjaqYL.jpg,8,"Disney Finding Nemo Large Finding Dory 12"" Plush DORY Doll",10,10,10,4.5
Talented Inflatable Water Wheel,3795,2,http://ecx.images-amazon.com/images/I/51K8HOgMx5L.jpg,5,"Kid's Inflatable Water Wheel Swimming Pool Toy (49"" X 33"") - Summer just got funner in the pool with this brand new Kidster Water Wheel. Don't you wish we had these when we were kids. Your kids will love the hamster wheel like movement in this fun and unique inflatable pool toy. Roll along the top of the water with ease in the Kidster Water Wheel. Adult Supervision is always recommended.",10,10,10,4.5
Young Swimming Fish Pool Toy,1399,2,http://ecx.images-amazon.com/images/I/71R6EdJ3pVL._SL1001_.jpg,2,,10,10,10,4.5
Moldy Toypedo Bandits,615,2,http://ecx.images-amazon.com/images/I/41YoOqCoHlL.jpg,2,Glides underwater up to 30 feet,10,10,10,4.5
Courageous Water Noodles,1143,2,http://ecx.images-amazon.com/images/I/41nwJCNDadL.jpg,1,Large diameter for extra fun! Made from Safe Soft Funnoodle Foam! Floats over 200 pounds! Funnoodle Monster America's #1 selling pool toy. Let's have fun in the sun. Listing is for 1 Monster Funnoodle - color chosen at random.,10,10,10,4.5
Guarded Water Wings,690,2,http://ecx.images-amazon.com/images/I/41d4FRluYsL.jpg,9,Boys Floatsafe Flotie Soft Fabric Armbands floatie Blue,10,10,10,4.5
Crooked Dive Rings,599,3,"http://ecx.images-amazon.com/images/I/41LsD5TcnYL.AA500_PIcountsize-2,TopRight,0,0_AA500_SH20_.jpg",5,Unbreakable rings stand up on the pool bottom for diving games. Set of 4.,10,10,10,4.5
Efficacious Dive Sticks,395,3,http://ecx.images-amazon.com/images/I/71HLzuKqRAL._SX522_.jpg,9,Sticks stand upright on pool bottom.,10,10,10,4.5
Wrong Finding Nemo DVD,1996,3,http://cdn.funcheap.com/wp-content/uploads/2014/03/finding-nemo-poster.jpg,4,"Sea it like never before! For the first time ever, through the magic of Blu-ray and Blu-ray 3D, fully immerse yourself in the stunning underwater world of Disney/Pixar's FINDING NEMO! From the creators of TOY STORY and MONSTERS, INC., this critically acclaimed and heartwarming tale splashes off the screen with brilliant digital picture, high definition sound and breathtaking bonus features that transport you beyond your imagination.",10,10,10,4.5
Easy Inflatable Water Wheel,3795,3,http://ecx.images-amazon.com/images/I/51K8HOgMx5L.jpg,14,"Kid's Inflatable Water Wheel Swimming Pool Toy (49"" X 33"") - Summer just got funner in the pool with this brand new Kidster Water Wheel. Don't you wish we had these when we were kids. Your kids will love the hamster wheel like movement in this fun and unique inflatable pool toy. Roll along the top of the water with ease in the Kidster Water Wheel. Adult Supervision is always recommended.",10,10,10,4.5
Unwieldy Puddle Jumper Life Jacket,1359,3,http://ecx.images-amazon.com/images/I/61gR3TBnTuL._SX522_.jpg,3,For children 30-50 lbs.,10,10,10,4.5
Near Shark Goggles,1196,3,http://ecx.images-amazon.com/images/I/617jzjqn8gL._SX522_.jpg,5,Made using the highest quality materials,10,10,10,4.5
Uppity Swimming Fish Pool Toy,1399,3,http://ecx.images-amazon.com/images/I/71R6EdJ3pVL._SL1001_.jpg,3,,10,10,10,4.5
Black Toypedo Bandits,615,3,http://ecx.images-amazon.com/images/I/41YoOqCoHlL.jpg,5,Glides underwater up to 30 feet,10,10,10,4.5
Necessary Water Noodles,1143,3,http://ecx.images-amazon.com/images/I/41nwJCNDadL.jpg,9,Large diameter for extra fun! Made from Safe Soft Funnoodle Foam! Floats over 200 pounds! Funnoodle Monster America's #1 selling pool toy. Let's have fun in the sun. Listing is for 1 Monster Funnoodle - color chosen at random.,10,10,10,4.5
Piquant Water Wings,690,3,http://ecx.images-amazon.com/images/I/41d4FRluYsL.jpg,14,Boys Floatsafe Flotie Soft Fabric Armbands floatie Blue,10,10,10,4.5
Ripe Dive Sticks,395,4,http://ecx.images-amazon.com/images/I/71HLzuKqRAL._SX522_.jpg,12,Sticks stand upright on pool bottom.,10,10,10,4.5
Wandering Finding Nemo DVD,1996,4,http://cdn.funcheap.com/wp-content/uploads/2014/03/finding-nemo-poster.jpg,8,"Sea it like never before! For the first time ever, through the magic of Blu-ray and Blu-ray 3D, fully immerse yourself in the stunning underwater world of Disney/Pixar's FINDING NEMO! From the creators of TOY STORY and MONSTERS, INC., this critically acclaimed and heartwarming tale splashes off the screen with brilliant digital picture, high definition sound and breathtaking bonus features that transport you beyond your imagination.",30,30,30,25
Stereotyped Inflatable Water Wheel,3795,4,http://ecx.images-amazon.com/images/I/51K8HOgMx5L.jpg,2,"Kid's Inflatable Water Wheel Swimming Pool Toy (49"" X 33"") - Summer just got funner in the pool with this brand new Kidster Water Wheel. Don't you wish we had these when we were kids. Your kids will love the hamster wheel like movement in this fun and unique inflatable pool toy. Roll along the top of the water with ease in the Kidster Water Wheel. Adult Supervision is always recommended.",30,30,30,25
Soft Puddle Jumper Life Jacket,1359,4,http://ecx.images-amazon.com/images/I/61gR3TBnTuL._SX522_.jpg,5,For children 30-50 lbs.,30,30,30,25
Abrupt Shark Goggles,1196,4,http://ecx.images-amazon.com/images/I/617jzjqn8gL._SX522_.jpg,7,Made using the highest quality materials,30,30,30,25
Womanly Swimming Fish Pool Toy,1399,4,http://ecx.images-amazon.com/images/I/71R6EdJ3pVL._SL1001_.jpg,6,,30,30,30,25
Minor Water Wings,690,4,http://ecx.images-amazon.com/images/I/41d4FRluYsL.jpg,3,Boys Floatsafe Flotie Soft Fabric Armbands floatie Blue,30,30,30,25
Grateful Dive Rings,599,5,"http://ecx.images-amazon.com/images/I/41LsD5TcnYL.AA500_PIcountsize-2,TopRight,0,0_AA500_SH20_.jpg",4,Unbreakable rings stand up on the pool bottom for diving games. Set of 4.,30,30,30,25
Stale Dory Doll,3000,5,http://ecx.images-amazon.com/images/I/51K6wQjaqYL.jpg,12,"Disney Finding Nemo Large Finding Dory 12"" Plush DORY Doll",30,30,30,25
Thundering Finding Nemo DVD,1996,5,http://cdn.funcheap.com/wp-content/uploads/2014/03/finding-nemo-poster.jpg,13,"Sea it like never before! For the first time ever, through the magic of Blu-ray and Blu-ray 3D, fully immerse yourself in the stunning underwater world of Disney/Pixar's FINDING NEMO! From the creators of TOY STORY and MONSTERS, INC., this critically acclaimed and heartwarming tale splashes off the screen with brilliant digital picture, high definition sound and breathtaking bonus features that transport you beyond your imagination.",30,30,30,25
Right Dory Doll,3000,6,http://ecx.images-amazon.com/images/I/51K6wQjaqYL.jpg,2,"Disney Finding Nemo Large Finding Dory 12"" Plush DORY Doll",30,30,30,25
Petite Finding Nemo DVD,1996,6,http://cdn.funcheap.com/wp-content/uploads/2014/03/finding-nemo-poster.jpg,3,"Sea it like never before! For the first time ever, through the magic of Blu-ray and Blu-ray 3D, fully immerse yourself in the stunning underwater world of Disney/Pixar's FINDING NEMO! From the creators of TOY STORY and MONSTERS, INC., this critically acclaimed and heartwarming tale splashes off the screen with brilliant digital picture, high definition sound and breathtaking bonus features that transport you beyond your imagination.",30,30,30,25
Spotty Water Wings,690,6,http://ecx.images-amazon.com/images/I/41d4FRluYsL.jpg,14,Boys Floatsafe Flotie Soft Fabric Armbands floatie Blue,30,30,30,25
Ubiquitous Dive Sticks,395,7,http://ecx.images-amazon.com/images/I/71HLzuKqRAL._SX522_.jpg,12,Sticks stand upright on pool bottom.,30,30,30,25
Bustling Shark Goggles,1196,7,http://ecx.images-amazon.com/images/I/617jzjqn8gL._SX522_.jpg,12,Made using the highest quality materials,30,30,30,25
Wry Toypedo Bandits,615,7,http://ecx.images-amazon.com/images/I/41YoOqCoHlL.jpg,15,Glides underwater up to 30 feet,30,30,30,25
Squealing Water Noodles,1143,7,http://ecx.images-amazon.com/images/I/41nwJCNDadL.jpg,3,Large diameter for extra fun! Made from Safe Soft Funnoodle Foam! Floats over 200 pounds! Funnoodle Monster America's #1 selling pool toy. Let's have fun in the sun. Listing is for 1 Monster Funnoodle - color chosen at random.,30,30,30,25
Adhesive Dive Sticks,395,8,http://ecx.images-amazon.com/images/I/71HLzuKqRAL._SX522_.jpg,8,Sticks stand upright on pool bottom.,30,30,30,25
Hissing Puddle Jumper Life Jacket,1359,8,http://ecx.images-amazon.com/images/I/61gR3TBnTuL._SX522_.jpg,4,For children 30-50 lbs.,30,30,30,25
Sloppy Puddle Jumper Life Jacket,1359,9,http://ecx.images-amazon.com/images/I/61gR3TBnTuL._SX522_.jpg,1,For children 30-50 lbs.,30,30,30,25
Hanging Shark Goggles,1196,8,http://ecx.images-amazon.com/images/I/617jzjqn8gL._SX522_.jpg,7,Made using the highest quality materials,30,30,30,25
Fumbling Toypedo Bandits,615,8,http://ecx.images-amazon.com/images/I/41YoOqCoHlL.jpg,12,Glides underwater up to 30 feet,30,30,30,25
Brief Dive Rings,599,9,"http://ecx.images-amazon.com/images/I/41LsD5TcnYL.AA500_PIcountsize-2,TopRight,0,0_AA500_SH20_.jpg",1,Unbreakable rings stand up on the pool bottom for diving games. Set of 4.,30,30,30,25
Lean Dory Doll,3000,9,http://ecx.images-amazon.com/images/I/51K6wQjaqYL.jpg,7,"Disney Finding Nemo Large Finding Dory 12"" Plush DORY Doll",30,30,30,25
Giant Inflatable Water Wheel,3795,9,http://ecx.images-amazon.com/images/I/51K8HOgMx5L.jpg,3,"Kid's Inflatable Water Wheel Swimming Pool Toy (49"" X 33"") - Summer just got funner in the pool with this brand new Kidster Water Wheel. Don't you wish we had these when we were kids. Your kids will love the hamster wheel like movement in this fun and unique inflatable pool toy. Roll along the top of the water with ease in the Kidster Water Wheel. Adult Supervision is always recommended.",30,30,30,25
Lazy Water Noodles,1143,9,http://ecx.images-amazon.com/images/I/41nwJCNDadL.jpg,14,Large diameter for extra fun! Made from Safe Soft Funnoodle Foam! Floats over 200 pounds! Funnoodle Monster America's #1 selling pool toy. Let's have fun in the sun. Listing is for 1 Monster Funnoodle - color chosen at random.,30,30,30,25
Animated Dory Doll,3000,10,http://ecx.images-amazon.com/images/I/51K6wQjaqYL.jpg,9,"Disney Finding Nemo Large Finding Dory 12"" Plush DORY Doll",30,30,30,25
Ethereal Finding Nemo DVD,1996,10,http://cdn.funcheap.com/wp-content/uploads/2014/03/finding-nemo-poster.jpg,14,"Sea it like never before! For the first time ever, through the magic of Blu-ray and Blu-ray 3D, fully immerse yourself in the stunning underwater world of Disney/Pixar's FINDING NEMO! From the creators of TOY STORY and MONSTERS, INC., this critically acclaimed and heartwarming tale splashes off the screen with brilliant digital picture, high definition sound and breathtaking bonus features that transport you beyond your imagination.",30,30,30,25
Regular Puddle Jumper Life Jacket,1359,10,http://ecx.images-amazon.com/images/I/61gR3TBnTuL._SX522_.jpg,1,For children 30-50 lbs.,30,30,30,25
Dizzy Swimming Fish Pool Toy,1399,10,http://ecx.images-amazon.com/images/I/71R6EdJ3pVL._SL1001_.jpg,14,,30,30,30,25
Medical Toypedo Bandits,615,10,http://ecx.images-amazon.com/images/I/41YoOqCoHlL.jpg,8,Glides underwater up to 30 feet,30,30,30,25
